PassengerIdRange,passenger_count,survived_count,survival_rate
1-90,90,39,0.43333333333333335
91-179,89,20,0.2247191011235955
180-268,89,34,0.38202247191011235
269-357,89,45,0.5056179775280899
358-446,89,37,0.4157303370786517
447-535,89,32,0.3595505617977528
536-624,89,39,0.43820224719101125
625-713,89,33,0.3707865168539326
714-802,89,30,0.33707865168539325
803-891,89,33,0.3707865168539326
